<?xml version="1.0" encoding="UTF-8"?>
<opml version="1.0">
  <head>
    <title>Feeds of zlex.dl from Inoreader [https://www.inoreader.com]</title>
  </head>
  <body>
    <outline text="※※重点关注" title="※※重点关注">
      <outline text="Metascan.Pro — Mirror" title="Metascan.Pro — Mirror" type="rss" xmlUrl="https://submirror.xyz/0xb6C61A1DeDDfAaFe7ef9B26ae74Fb71afd5e9E4B" htmlUrl="https://mirror.xyz/0xb6C61A1DeDDfAaFe7ef9B26ae74Fb71afd5e9E4B"/>
      <outline text="Libby08 — Mirror" title="Libby08 — Mirror" type="rss" xmlUrl="https://submirror.xyz/ethvip.eth" htmlUrl="https://mirror.xyz/ethvip.eth"/>
      <outline text="zlexdl.eth — Mirror" title="zlexdl.eth — Mirror" type="rss" xmlUrl="https://submirror.xyz/zlexdl.eth" htmlUrl="https://mirror.xyz/zlexdl.eth"/>
      <outline text="鉴叔 on Medium" title="鉴叔 on Medium" type="rss" xmlUrl="https://medium.com/feed/@jianshubiji" htmlUrl="https://medium.com/@jianshubiji?source=rss-bed923b52d0b------2"/>
      <outline text="Bankless" title="Bankless" type="rss" xmlUrl="https://bankless.substack.com/feed/" htmlUrl="https://bankless.substack.com/"/>
      <outline text="小黑" title="小黑" type="rss" xmlUrl="https://medium.com/feed/@cryptohayes" htmlUrl="https://medium.com/@cryptohayes?source=rss-2f6e06954878------2"/>
      <outline text="Shawn — Mirror" title="Shawn — Mirror" type="rss" xmlUrl="https://shawn.submirror.xyz/" htmlUrl="https://shawn.mirror.xyz/"/>
      <outline text="VitaminWong — Mirror" title="VitaminWong — Mirror" type="rss" xmlUrl="https://submirror.xyz/0xfe1aBf3e20AC87f848DF8cA0C182CC62606378A1" htmlUrl="https://mirror.xyz/0xfe1aBf3e20AC87f848DF8cA0C182CC62606378A1"/>
      <outline text="冰糖橙收割机 — Mirror" title="冰糖橙收割机 — Mirror" type="rss" xmlUrl="https://submirror.xyz/btcsgj.eth" htmlUrl="https://mirror.xyz/btcsgj.eth"/>
      <outline text="币圈慈善家 — Mirror" title="币圈慈善家 — Mirror" type="rss" xmlUrl="https://submirror.xyz/cryptocishanjia.eth" htmlUrl="https://mirror.xyz/cryptocishanjia.eth"/>
      <outline text="币萌 TokenMore — Mirror" title="币萌 TokenMore — Mirror" type="rss" xmlUrl="https://submirror.xyz/bimeng.eth" htmlUrl="https://mirror.xyz/bimeng.eth"/>
      <outline text="Shawn — Mirror" title="Shawn — Mirror" type="rss" xmlUrl="https://submirror.xyz/dao4ever.eth" htmlUrl="https://mirror.xyz/dao4ever.eth"/>
      <outline text="XuPeiPei — Mirror" title="XuPeiPei — Mirror" type="rss" xmlUrl="https://submirror.xyz/0x6ACb28b8FF66AbAB7959355697fAaF348099996b" htmlUrl="https://mirror.xyz/0x6ACb28b8FF66AbAB7959355697fAaF348099996b"/>
      <outline text="W3.Hitchhiker — Mirror" title="W3.Hitchhiker — Mirror" type="rss" xmlUrl="https://submirror.xyz/0xE43a21Ee76b591fe6E479da8a8a388FCfea6F77F" htmlUrl="https://mirror.xyz/0xE43a21Ee76b591fe6E479da8a8a388FCfea6F77F"/>
      <outline text="Foresight News — Mirror" title="Foresight News — Mirror" type="rss" xmlUrl="https://submirror.xyz/foresightnews.eth" htmlUrl="https://mirror.xyz/foresightnews.eth"/>
      <outline text="biknow — Mirror" title="biknow — Mirror" type="rss" xmlUrl="https://submirror.xyz/0x7d36E06251E8376d7194147D9D26214566FAc47D" htmlUrl="https://mirror.xyz/0x7d36E06251E8376d7194147D9D26214566FAc47D"/>
      <outline text="Stories by b1995 on Medium" title="Stories by b1995 on Medium" type="rss" xmlUrl="https://medium.com/feed/@b1995" htmlUrl="https://medium.com/@b1995?source=rss-2b74fa02f877------2"/>
      <outline text="深潮TechFlow — Mirror" title="深潮TechFlow — Mirror" type="rss" xmlUrl="https://submirror.xyz/0x0E58bB9795a9D0F065e3a8Cc2aed2A63D6977d8A" htmlUrl="https://mirror.xyz/0x0E58bB9795a9D0F065e3a8Cc2aed2A63D6977d8A"/>
    </outline>
    <outline text="※交互 空投" title="※交互 空投">
      <outline text="null — Mirror" title="null — Mirror" type="rss" xmlUrl="https://submirror.xyz/0xC428e4138B6a0d05aE79F6d8081477502Cd8172D" htmlUrl="https://mirror.xyz/0xC428e4138B6a0d05aE79F6d8081477502Cd8172D"/>
      <outline text="PDao — Mirror" title="PDao — Mirror" type="rss" xmlUrl="https://submirror.xyz/0xDBb497d673304aFC37ae7A9Ac72128719E22eb33" htmlUrl="https://mirror.xyz/0xDBb497d673304aFC37ae7A9Ac72128719E22eb33"/>
      <outline text="akashanhu — Mirror" title="akashanhu — Mirror" type="rss" xmlUrl="https://submirror.xyz/akashanhu.eth" htmlUrl="https://mirror.xyz/akashanhu.eth"/>
      <outline text="Atiris — Mirror" title="Atiris — Mirror" type="rss" xmlUrl="https://submirror.xyz/atiris.eth" htmlUrl="https://mirror.xyz/atiris.eth"/>
      <outline text="zephyr — Mirror" title="zephyr — Mirror" type="rss" xmlUrl="https://submirror.xyz/zephyrzj.eth" htmlUrl="https://mirror.xyz/zephyrzj.eth"/>
      <outline text="yewlne — Mirror" title="yewlne — Mirror" type="rss" xmlUrl="https://submirror.xyz/yewlne.eth" htmlUrl="https://mirror.xyz/yewlne.eth"/>
      <outline text="幣圈躺著賺 — Mirror" title="幣圈躺著賺 — Mirror" type="rss" xmlUrl="https://submirror.xyz/homepod.eth" htmlUrl="https://mirror.xyz/homepod.eth"/>
      <outline text="mer — Mirror" title="mer — Mirror" type="rss" xmlUrl="https://submirror.xyz/mergod.eth" htmlUrl="https://mirror.xyz/mergod.eth"/>
      <outline text="社会主义接班人 — Mirror" title="社会主义接班人 — Mirror" type="rss" xmlUrl="https://submirror.xyz/0x5B8c65ffa85fF42695B2f96A3B6eB6E45BBB4AdD" htmlUrl="https://mirror.xyz/0x5B8c65ffa85fF42695B2f96A3B6eB6E45BBB4AdD"/>
      <outline text="zlexdl.eth — Mirror" title="zlexdl.eth — Mirror" type="rss" xmlUrl="https://submirror.xyz/zlexdl.eth" htmlUrl="https://mirror.xyz/zlexdl.eth"/>
      <outline text="Jack_An — Mirror" title="Jack_An — Mirror" type="rss" xmlUrl="https://submirror.xyz/0x3eBfC9dBb1fba3886E02c16ea2cFE358Ee83dbb1" htmlUrl="https://mirror.xyz/0x3eBfC9dBb1fba3886E02c16ea2cFE358Ee83dbb1"/>
      <outline text="大匡 — Mirror" title="大匡 — Mirror" type="rss" xmlUrl="https://submirror.xyz/0xD449B78c59dFf379b0A27Af50e81f00875b03381" htmlUrl="https://mirror.xyz/0xD449B78c59dFf379b0A27Af50e81f00875b03381"/>
      <outline text="鉴叔 on Medium" title="鉴叔 on Medium" type="rss" xmlUrl="https://medium.com/feed/@jianshubiji" htmlUrl="https://medium.com/@jianshubiji?source=rss-bed923b52d0b------2"/>
      <outline text="DeFi100 — Mirror" title="DeFi100 — Mirror" type="rss" xmlUrl="https://submirror.xyz/0xcF22f3636d96fbED134E84A0a8e40456AEd9aAAA" htmlUrl="https://mirror.xyz/0xcF22f3636d96fbED134E84A0a8e40456AEd9aAAA"/>
      <outline text="yyy — Mirror" title="yyy — Mirror" type="rss" xmlUrl="https://submirror.xyz/0x8aBB3f99cA9db88c2675243234800db4846a6035" htmlUrl="https://mirror.xyz/0x8aBB3f99cA9db88c2675243234800db4846a6035"/>
      <outline text="aibobaby.eth — Mirror" title="aibobaby.eth — Mirror" type="rss" xmlUrl="https://submirror.xyz/0xEae9C2A2C803BEcbC81F3A485a7cdA9D03E33165/akJE5XlYvUAiLFdHf2yofW66ahzyUAkT3gFOH9GwCfc" htmlUrl="https://mirror.xyz/0xEae9C2A2C803BEcbC81F3A485a7cdA9D03E33165"/>
      <outline text="null — Mirror" title="null — Mirror" type="rss" xmlUrl="https://submirror.xyz/0xdd5770b0F9f17F0228ceE1f08903Ff6b0CC7A7CD" htmlUrl="https://mirror.xyz/0xdd5770b0F9f17F0228ceE1f08903Ff6b0CC7A7CD"/>
      <outline text="syskey — Mirror" title="syskey — Mirror" type="rss" xmlUrl="https://submirror.xyz/0xE2027B05D620c0109e2d8e751A10A2aAda3e490A" htmlUrl="https://mirror.xyz/0xE2027B05D620c0109e2d8e751A10A2aAda3e490A"/>
      <outline text="lzw.eth — Mirror" title="lzw.eth — Mirror" type="rss" xmlUrl="https://submirror.xyz/0xbEE3C272ad4215cb352291af334dDC014BB3c20b" htmlUrl="https://mirror.xyz/0xbEE3C272ad4215cb352291af334dDC014BB3c20b"/>
      <outline text="OxTmax — Mirror" title="OxTmax — Mirror" type="rss" xmlUrl="https://submirror.xyz/tmacmax.eth" htmlUrl="https://mirror.xyz/tmacmax.eth"/>
      <outline text="0x12345.crypto — Mirror" title="0x12345.crypto — Mirror" type="rss" xmlUrl="https://submirror.xyz/0xbA09d569676F00a800144a557ce45729F9067bF7" htmlUrl="https://mirror.xyz/0xbA09d569676F00a800144a557ce45729F9067bF7"/>
      <outline text="ICDAO — Mirror" title="ICDAO — Mirror" type="rss" xmlUrl="https://submirror.xyz/0x186Fe3aBa0767C9cE79A223C19eD328833a9cCd1" htmlUrl="https://mirror.xyz/0x186Fe3aBa0767C9cE79A223C19eD328833a9cCd1"/>
      <outline text="terrycao — Mirror" title="terrycao — Mirror" type="rss" xmlUrl="https://submirror.xyz/terrycao.eth" htmlUrl="https://mirror.xyz/terrycao.eth"/>
      <outline text="ATOM — Mirror" title="ATOM — Mirror" type="rss" xmlUrl="https://submirror.xyz/deflance.eth" htmlUrl="https://mirror.xyz/deflance.eth"/>
      <outline text="小亮仔的空投日记 — Mirror" title="小亮仔的空投日记 — Mirror" type="rss" xmlUrl="https://submirror.xyz/0x4F197514394B90b27baf5B7209E82c4A47BA0236" htmlUrl="https://mirror.xyz/0x4F197514394B90b27baf5B7209E82c4A47BA0236"/>
      <outline text="kingone — Mirror" title="kingone — Mirror" type="rss" xmlUrl="https://submirror.xyz/0x63cc3233583D4f6Baa198C330cEe239C615a7719" htmlUrl="https://mirror.xyz/0x63cc3233583D4f6Baa198C330cEe239C615a7719"/>
      <outline text="凡非凡 — Mirror" title="凡非凡 — Mirror" type="rss" xmlUrl="https://submirror.xyz/0x14ED92a5B346CdB3D1884E1C150C23305edd714f" htmlUrl="https://mirror.xyz/0x14ED92a5B346CdB3D1884E1C150C23305edd714f"/>
      <outline text="Iamxmm — Mirror" title="Iamxmm — Mirror" type="rss" xmlUrl="https://submirror.xyz/0x3E00B9f8583849887F4Dfbd688fC27488325DCd3" htmlUrl="https://mirror.xyz/0x3E00B9f8583849887F4Dfbd688fC27488325DCd3"/>
      <outline text="candy chen — Mirror" title="candy chen — Mirror" type="rss" xmlUrl="https://submirror.xyz/0x5C08E14f5741ff7Ceea43dE66C3c5008B1355E9B" htmlUrl="https://mirror.xyz/0x5C08E14f5741ff7Ceea43dE66C3c5008B1355E9B"/>
      <outline text="Charles Pual — Mirror" title="Charles Pual — Mirror" type="rss" xmlUrl="https://submirror.xyz/0xC92cB01bCfb8717bCBCd91748a4c75634181E9A6" htmlUrl="https://mirror.xyz/0xC92cB01bCfb8717bCBCd91748a4c75634181E9A6"/>
      <outline text="null — Mirror" title="null — Mirror" type="rss" xmlUrl="https://submirror.xyz/0xf046dbbf6711963B3cFcFC9C557db3d89F26E624" htmlUrl="https://mirror.xyz/0xf046dbbf6711963B3cFcFC9C557db3d89F26E624"/>
      <outline text="sdwhvip — Mirror" title="sdwhvip — Mirror" type="rss" xmlUrl="https://submirror.xyz/luckylion.eth" htmlUrl="https://mirror.xyz/luckylion.eth"/>
      <outline text="taomo221526 — Mirror" title="taomo221526 — Mirror" type="rss" xmlUrl="https://submirror.xyz/0xa3e9B7e2Cc8Dd20837D97E53359584434BDB177A" htmlUrl="https://mirror.xyz/0xa3e9B7e2Cc8Dd20837D97E53359584434BDB177A"/>
      <outline text="Giantbin ⚛ — Mirror" title="Giantbin ⚛ — Mirror" type="rss" xmlUrl="https://submirror.xyz/giantbin.eth" htmlUrl="https://mirror.xyz/giantbin.eth"/>
      <outline text="REINetwork fans — Mirror" title="REINetwork fans — Mirror" type="rss" xmlUrl="https://submirror.xyz/0x00cFA9F2e149285f39ecA6F18E23A38F11104d06" htmlUrl="https://mirror.xyz/0x00cFA9F2e149285f39ecA6F18E23A38F11104d06"/>
      <outline text="Nicholas — Mirror" title="Nicholas — Mirror" type="rss" xmlUrl="https://submirror.xyz/cjhzr.eth" htmlUrl="https://mirror.xyz/cjhzr.eth"/>
      <outline text="blockchain — Mirror" title="blockchain — Mirror" type="rss" xmlUrl="https://submirror.xyz/0xa23D35b2ea78DC4a457d241ed2BaD73e82e6c4dB" htmlUrl="https://mirror.xyz/0xa23D35b2ea78DC4a457d241ed2BaD73e82e6c4dB"/>
      <outline text="William Adams — Mirror" title="William Adams — Mirror" type="rss" xmlUrl="https://submirror.xyz/0x5FBce71b1b74d0d8511dC708ceED3250a1aBDacA" htmlUrl="https://mirror.xyz/0x5FBce71b1b74d0d8511dC708ceED3250a1aBDacA"/>
      <outline text="Bitcoin007 — Mirror" title="Bitcoin007 — Mirror" type="rss" xmlUrl="https://submirror.xyz/0xD06215289fF1914925429420e461fC2E1cd524F8" htmlUrl="https://mirror.xyz/0xD06215289fF1914925429420e461fC2E1cd524F8"/>
      <outline text="keade.eth — Mirror" title="keade.eth — Mirror" type="rss" xmlUrl="https://submirror.xyz/keade.eth" htmlUrl="https://mirror.xyz/keade.eth"/>
      <outline text="MaxPeng666 — Mirror" title="MaxPeng666 — Mirror" type="rss" xmlUrl="https://submirror.xyz/0x3e527132BA60Fc0c4964D78259e31ADe84D3Ee9a" htmlUrl="https://mirror.xyz/0x3e527132BA60Fc0c4964D78259e31ADe84D3Ee9a"/>
      <outline text="AirDrop Master — Mirror" title="AirDrop Master — Mirror" type="rss" xmlUrl="https://submirror.xyz/0xDf1f3d10efB1B35d9A45a3FB564E08AA0d356490" htmlUrl="https://mirror.xyz/0xDf1f3d10efB1B35d9A45a3FB564E08AA0d356490"/>
      <outline text="jhj567 — Mirror" title="jhj567 — Mirror" type="rss" xmlUrl="https://submirror.xyz/jhj567.eth" htmlUrl="https://mirror.xyz/jhj567.eth"/>
      <outline text="sunday — Mirror" title="sunday — Mirror" type="rss" xmlUrl="https://submirror.xyz/0xaF819C7d5B9E98AfD3b59561a33067a94393E9d2" htmlUrl="https://mirror.xyz/0xaF819C7d5B9E98AfD3b59561a33067a94393E9d2"/>
      <outline text="hutu1 — Mirror" title="hutu1 — Mirror" type="rss" xmlUrl="https://submirror.xyz/0x4bE3ea1967d4117C93A39048316c058025e237C4" htmlUrl="https://mirror.xyz/0x4bE3ea1967d4117C93A39048316c058025e237C4"/>
      <outline text="Superogers — Mirror" title="Superogers — Mirror" type="rss" xmlUrl="https://submirror.xyz/superogers.eth" htmlUrl="https://mirror.xyz/superogers.eth"/>
      <outline text="iSeven — Mirror" title="iSeven — Mirror" type="rss" xmlUrl="https://submirror.xyz/iseven.eth" htmlUrl="https://mirror.xyz/iseven.eth"/>
      <outline text="StormG — Mirror" title="StormG — Mirror" type="rss" xmlUrl="https://submirror.xyz/stormg.eth" htmlUrl="https://mirror.xyz/stormg.eth"/>
      <outline text="ssunnyzy — Mirror" title="ssunnyzy — Mirror" type="rss" xmlUrl="https://submirror.xyz/sunnizy.eth" htmlUrl="https://mirror.xyz/sunnizy.eth"/>
      <outline text="null — Mirror" title="null — Mirror" type="rss" xmlUrl="https://submirror.xyz/0x93C329189b3F6FeF306b98eE88dd0aa5Ec1eC15E" htmlUrl="https://mirror.xyz/0x93C329189b3F6FeF306b98eE88dd0aa5Ec1eC15E"/>
      <outline text="AirDrop Trending — Mirror" title="AirDrop Trending — Mirror" type="rss" xmlUrl="https://submirror.xyz/0x2027085291a27394888AcC53785B4179f060e145" htmlUrl="https://mirror.xyz/0x2027085291a27394888AcC53785B4179f060e145"/>
      <outline text="小鱼没事爱玩币 — Mirror" title="小鱼没事爱玩币 — Mirror" type="rss" xmlUrl="https://submirror.xyz/0x23e9E002Ee2Ae2baA0C9d6959578Bcb77148BDcf" htmlUrl="https://mirror.xyz/0x23e9E002Ee2Ae2baA0C9d6959578Bcb77148BDcf"/>
      <outline text="Stories by Melody on Medium" title="Stories by Melody on Medium" type="rss" xmlUrl="https://medium.com/feed/@melody8848/" htmlUrl="https://medium.com/@melody8848?source=rss-bfc6f454c0f9------2"/>
      <outline text="Yorin — Mirror" title="Yorin — Mirror" type="rss" xmlUrl="https://submirror.xyz/shenxianju.eth" htmlUrl="https://mirror.xyz/shenxianju.eth"/>
      <outline text="littleflyingpiggy — Mirror" title="littleflyingpiggy — Mirror" type="rss" xmlUrl="https://submirror.xyz/littleflyingpiggy.eth" htmlUrl="https://mirror.xyz/littleflyingpiggy.eth"/>
      <outline text="赤井由根 — Mirror" title="赤井由根 — Mirror" type="rss" xmlUrl="https://submirror.xyz/0xEE75D051baf54BeaAb5dDcE1A8Bd812927DBbE1a" htmlUrl="https://mirror.xyz/0xEE75D051baf54BeaAb5dDcE1A8Bd812927DBbE1a"/>
      <outline text="hello — Mirror" title="hello — Mirror" type="rss" xmlUrl="https://submirror.xyz/0x5C5869bceB4C4eb3fA1DCDEeBd84e9890DbC01aF" htmlUrl="https://mirror.xyz/0x5C5869bceB4C4eb3fA1DCDEeBd84e9890DbC01aF"/>
      <outline text="yongyi — Mirror" title="yongyi — Mirror" type="rss" xmlUrl="https://submirror.xyz/yongxuan18.eth" htmlUrl="https://mirror.xyz/yongxuan18.eth"/>
      <outline text="sillyone — Mirror" title="sillyone — Mirror" type="rss" xmlUrl="https://submirror.xyz/tpwallet.eth" htmlUrl="https://mirror.xyz/tpwallet.eth"/>
      <outline text="wusimpl — Mirror" title="wusimpl — Mirror" type="rss" xmlUrl="https://submirror.xyz/0x216A1f39d4EC2436E1D5E4244432Fd291E06de2D" htmlUrl="https://mirror.xyz/0x216A1f39d4EC2436E1D5E4244432Fd291E06de2D"/>
      <outline text="🪂🪂🪂空投交互指南🪂🪂🪂 — Mirror" title="🪂🪂🪂空投交互指南🪂🪂🪂 — Mirror" type="rss" xmlUrl="https://submirror.xyz/0xEeFb3C4cC5A72305191c2F4031624D4Ed9B6c5b5" htmlUrl="https://mirror.xyz/0xEeFb3C4cC5A72305191c2F4031624D4Ed9B6c5b5"/>
      <outline text="Stories by Melody on Medium" title="Stories by Melody on Medium" type="rss" xmlUrl="https://medium.com/feed/@melody8848" htmlUrl="https://medium.com/@melody8848?source=rss-bfc6f454c0f9------2"/>
      <outline text="Stories by DefiCalendar on Medium" title="Stories by DefiCalendar on Medium" type="rss" xmlUrl="https://medium.com/feed/@CalendarDefi" htmlUrl="https://medium.com/@CalendarDefi?source=rss-4949be3a0c7a------2"/>
      <outline text="sanmazi — Mirror" title="sanmazi — Mirror" type="rss" xmlUrl="https://submirror.xyz/sanmazi.eth" htmlUrl="https://mirror.xyz/sanmazi.eth"/>
      <outline text="Your Airdrop — Mirror" title="Your Airdrop — Mirror" type="rss" xmlUrl="https://submirror.xyz/yourairdrop.eth" htmlUrl="https://mirror.xyz/yourairdrop.eth"/>
      <outline text="new_coin88 — Mirror" title="new_coin88 — Mirror" type="rss" xmlUrl="https://submirror.xyz/0x42EA98D85BCc3e1c6A9591D615dc46926cFcf908" htmlUrl="https://mirror.xyz/0x42EA98D85BCc3e1c6A9591D615dc46926cFcf908"/>
      <outline text="Stories by XYL on Medium" title="Stories by XYL on Medium" type="rss" xmlUrl="https://medium.com/feed/@Topolooe" htmlUrl="https://medium.com/@Topolooe?source=rss-7242df0f2d2e------2"/>
      <outline text="bbhy007 — Mirror" title="bbhy007 — Mirror" type="rss" xmlUrl="https://submirror.xyz/huangyouhua.eth" htmlUrl="https://mirror.xyz/huangyouhua.eth"/>
      <outline text="GemFactory24 — Mirror" title="GemFactory24 — Mirror" type="rss" xmlUrl="https://submirror.xyz/xunfa.eth" htmlUrl="https://mirror.xyz/xunfa.eth"/>
      <outline text="BayesYY — Mirror" title="BayesYY — Mirror" type="rss" xmlUrl="https://submirror.xyz/bayesyy.eth" htmlUrl="https://mirror.xyz/bayesyy.eth"/>
      <outline text="Seer Labs — Mirror" title="Seer Labs — Mirror" type="rss" xmlUrl="https://submirror.xyz/seerlabs.eth" htmlUrl="https://mirror.xyz/seerlabs.eth"/>
      <outline text="holdbtctilldie — Mirror" title="holdbtctilldie — Mirror" type="rss" xmlUrl="https://submirror.xyz/0xb8B0c1708B94a39aebf113541E3CA4EA4c53FF05" htmlUrl="https://mirror.xyz/0xb8B0c1708B94a39aebf113541E3CA4EA4c53FF05"/>
      <outline text="jackfive — Mirror" title="jackfive — Mirror" type="rss" xmlUrl="https://submirror.xyz/yingsu.eth" htmlUrl="https://mirror.xyz/yingsu.eth"/>
      <outline text="IMIRXYZ — Mirror" title="IMIRXYZ — Mirror" type="rss" xmlUrl="https://submirror.xyz/xdaipunk.eth" htmlUrl="https://mirror.xyz/xdaipunk.eth"/>
      <outline text="@MetaMGamesGuild — Mirror" title="@MetaMGamesGuild — Mirror" type="rss" xmlUrl="https://submirror.xyz/0x4284E39D2bDa3a7b9bae9a8F19A704Dfd6e03828" htmlUrl="https://mirror.xyz/0x4284E39D2bDa3a7b9bae9a8F19A704Dfd6e03828"/>
      <outline text="VipSir — Mirror" title="VipSir — Mirror" type="rss" xmlUrl="https://submirror.xyz/0x35b667B89aef0e76fC1B4Ec2b5779915bF989bC7" htmlUrl="https://mirror.xyz/0x35b667B89aef0e76fC1B4Ec2b5779915bF989bC7"/>
      <outline text="Dedsec's learning materials — Mirror" title="Dedsec's learning materials — Mirror" type="rss" xmlUrl="https://submirror.xyz/0x7Ae8ED015d2Ceb12f194aFB4284279Df791A99E9" htmlUrl="https://mirror.xyz/0x7Ae8ED015d2Ceb12f194aFB4284279Df791A99E9"/>
      <outline text="FlyPotato — Mirror" title="FlyPotato — Mirror" type="rss" xmlUrl="https://submirror.xyz/nbblockchain.eth" htmlUrl="https://mirror.xyz/nbblockchain.eth"/>
      <outline text="Duckweed — Mirror" title="Duckweed — Mirror" type="rss" xmlUrl="https://submirror.xyz/duckweed.eth" htmlUrl="https://mirror.xyz/duckweed.eth"/>
      <outline text="Guwo — Mirror" title="Guwo — Mirror" type="rss" xmlUrl="https://submirror.xyz/guwo1213.eth" htmlUrl="https://mirror.xyz/guwo1213.eth"/>
      <outline text="楼DAO — Mirror" title="楼DAO — Mirror" type="rss" xmlUrl="https://submirror.xyz/maskpad.eth" htmlUrl="https://mirror.xyz/maskpad.eth"/>
      <outline text="Ken&amp;谈财富密码 — Mirror" title="Ken&amp;谈财富密码 — Mirror" type="rss" xmlUrl="https://submirror.xyz/kennana.eth" htmlUrl="https://mirror.xyz/kennana.eth"/>
      <outline text="0x1559 — Mirror" title="0x1559 — Mirror" type="rss" xmlUrl="https://submirror.xyz/xch168.eth" htmlUrl="https://mirror.xyz/xch168.eth"/>
      <outline text="kingson — Mirror" title="kingson — Mirror" type="rss" xmlUrl="https://submirror.xyz/kingson.eth" htmlUrl="https://mirror.xyz/kingson.eth"/>
      <outline text="scarlet — Mirror" title="scarlet — Mirror" type="rss" xmlUrl="https://submirror.xyz/toptour.eth" htmlUrl="https://mirror.xyz/toptour.eth"/>
      <outline text="0xChrispp — Mirror" title="0xChrispp — Mirror" type="rss" xmlUrl="https://submirror.xyz/0xbCD9cf4810F599620c79d216e5fC0159f5d76777" htmlUrl="https://mirror.xyz/0xbCD9cf4810F599620c79d216e5fC0159f5d76777"/>
      <outline text="blockjoys — Mirror" title="blockjoys — Mirror" type="rss" xmlUrl="https://submirror.xyz/0x0D16c0308B39E9576e8812d063008b6ACFD7353b" htmlUrl="https://mirror.xyz/0x0D16c0308B39E9576e8812d063008b6ACFD7353b"/>
      <outline text="Luckstar — Mirror" title="Luckstar — Mirror" type="rss" xmlUrl="https://submirror.xyz/luckstar.eth" htmlUrl="https://mirror.xyz/luckstar.eth"/>
      <outline text="ZFlab — Mirror" title="ZFlab — Mirror" type="rss" xmlUrl="https://submirror.xyz/3344521.eth" htmlUrl="https://mirror.xyz/3344521.eth"/>
      <outline text="fengspell — Mirror" title="fengspell — Mirror" type="rss" xmlUrl="https://submirror.xyz/0xa96512386861BD834F9eD874173229B84bcDbA34" htmlUrl="https://mirror.xyz/0xa96512386861BD834F9eD874173229B84bcDbA34"/>
      <outline text="MavenTalk — Mirror" title="MavenTalk — Mirror" type="rss" xmlUrl="https://submirror.xyz/0xA95728681fE8DefFd1c5B4f26Da9B66260B07ba5" htmlUrl="https://mirror.xyz/0xA95728681fE8DefFd1c5B4f26Da9B66260B07ba5"/>
      <outline text="Jackey — Mirror" title="Jackey — Mirror" type="rss" xmlUrl="https://submirror.xyz/pandapool.eth" htmlUrl="https://mirror.xyz/pandapool.eth"/>
      <outline text="Monkey — Mirror" title="Monkey — Mirror" type="rss" xmlUrl="https://submirror.xyz/0x19B9c4C82DfFD0c43e741C334E876A0E6eBB520D" htmlUrl="https://mirror.xyz/0x19B9c4C82DfFD0c43e741C334E876A0E6eBB520D"/>
      <outline text="sissi — Mirror" title="sissi — Mirror" type="rss" xmlUrl="https://submirror.xyz/sissixin.eth" htmlUrl="https://mirror.xyz/sissixin.eth"/>
      <outline text="0Xdog — Mirror" title="0Xdog — Mirror" type="rss" xmlUrl="https://submirror.xyz/0x26DA4f747dD974f873Be9422918FAf1c3C0049D6" htmlUrl="https://mirror.xyz/0x26DA4f747dD974f873Be9422918FAf1c3C0049D6"/>
      <outline text="易麦 — Mirror" title="易麦 — Mirror" type="rss" xmlUrl="https://submirror.xyz/0x0A4EaD17186Bedc600A209d34c4ed788004f3Da4" htmlUrl="https://mirror.xyz/0x0A4EaD17186Bedc600A209d34c4ed788004f3Da4"/>
      <outline text="Bob — Mirror" title="Bob — Mirror" type="rss" xmlUrl="https://submirror.xyz/0x7A454142ac710057c8644b09169f4B1fAb9fE9cC/3XFl8EjL3icrsgrZmaOo9IyJrWw54X4TcuVYQEvy39I" htmlUrl="https://mirror.xyz/0x7A454142ac710057c8644b09169f4B1fAb9fE9cC"/>
      <outline text="Jerry — Mirror" title="Jerry — Mirror" type="rss" xmlUrl="https://submirror.xyz/jerry1105.eth" htmlUrl="https://mirror.xyz/jerry1105.eth"/>
      <outline text="Wuque — Mirror" title="Wuque — Mirror" type="rss" xmlUrl="https://submirror.xyz/wuque.eth" htmlUrl="https://mirror.xyz/wuque.eth"/>
      <outline text="链上达人 — Mirror" title="链上达人 — Mirror" type="rss" xmlUrl="https://submirror.xyz/0x5b197E3eE6770518f6F2735274522F48aBd69864" htmlUrl="https://mirror.xyz/0x5b197E3eE6770518f6F2735274522F48aBd69864"/>
      <outline text="Cyberviking — Mirror" title="Cyberviking — Mirror" type="rss" xmlUrl="https://submirror.xyz/0xf0f3466f8Cbc2A6154703AA669E73844ac4D5446" htmlUrl="https://mirror.xyz/0xf0f3466f8Cbc2A6154703AA669E73844ac4D5446"/>
      <outline text="maik2hello — Mirror" title="maik2hello — Mirror" type="rss" xmlUrl="https://submirror.xyz/0x65684B9D2B06469E88acfc1B88c65912F7BB795B" htmlUrl="https://mirror.xyz/0x65684B9D2B06469E88acfc1B88c65912F7BB795B"/>
      <outline text="Jacklee — Mirror" title="Jacklee — Mirror" type="rss" xmlUrl="https://submirror.xyz/0x0AEDF4529fA7d23F49dF72b94B028c51390451B6" htmlUrl="https://mirror.xyz/0x0AEDF4529fA7d23F49dF72b94B028c51390451B6"/>
      <outline text="Ericet — Mirror" title="Ericet — Mirror" type="rss" xmlUrl="https://submirror.xyz/ericet.eth" htmlUrl="https://mirror.xyz/ericet.eth"/>
    </outline>
    <outline text="※优质" title="※优质">
      <outline text="zlexdl.eth — Mirror" title="zlexdl.eth — Mirror" type="rss" xmlUrl="https://submirror.xyz/zlexdl.eth" htmlUrl="https://mirror.xyz/zlexdl.eth"/>
      <outline text="小黑" title="小黑" type="rss" xmlUrl="https://medium.com/feed/@cryptohayes" htmlUrl="https://medium.com/@cryptohayes?source=rss-2f6e06954878------2"/>
      <outline text="l1ning.eth — Mirror" title="l1ning.eth — Mirror" type="rss" xmlUrl="https://submirror.xyz/l1ning.eth" htmlUrl="https://mirror.xyz/l1ning.eth"/>
      <outline text="Stories by Jonas Bostoen on Medium" title="Stories by Jonas Bostoen on Medium" type="rss" xmlUrl="https://medium.com/feed/@jonas.bostoen" htmlUrl="https://medium.com/@jonas.bostoen?source=rss-ee9e1638dc0c------2"/>
      <outline text="keade.eth — Mirror" title="keade.eth — Mirror" type="rss" xmlUrl="https://submirror.xyz/keade.eth" htmlUrl="https://mirror.xyz/keade.eth"/>
      <outline text="sanpibo — Mirror" title="sanpibo — Mirror" type="rss" xmlUrl="https://submirror.xyz/0x6bd94fB4bEC833C6b666b46D1Bc0e29D14017ad8" htmlUrl="https://mirror.xyz/0x6bd94fB4bEC833C6b666b46D1Bc0e29D14017ad8"/>
      <outline text="Stories by 0xHavel on Medium" title="Stories by 0xHavel on Medium" type="rss" xmlUrl="https://medium.com/feed/@0xhavel/" htmlUrl="https://medium.com/@0xhavel?source=rss-bfdcd956be7------2"/>
      <outline text="Stories by 唐华斑竹 on Medium" title="Stories by 唐华斑竹 on Medium" type="rss" xmlUrl="https://medium.com/feed/@th1000g" htmlUrl="https://medium.com/@th1000g?source=rss-35533edd62ff------2"/>
      <outline text="蜂巢Tech — Mirror" title="蜂巢Tech — Mirror" type="rss" xmlUrl="https://submirror.xyz/0x633653A579959D7e2C0331A4d0Ef0D114Fd47aA4" htmlUrl="https://mirror.xyz/0x633653A579959D7e2C0331A4d0Ef0D114Fd47aA4"/>
      <outline text="tanghuabanzhu — Mirror" title="tanghuabanzhu — Mirror" type="rss" xmlUrl="https://submirror.xyz/0x731644a15A2C445825F7Bd6002870c49B83bc859" htmlUrl="https://mirror.xyz/0x731644a15A2C445825F7Bd6002870c49B83bc859"/>
      <outline text="梭教授 — Mirror" title="梭教授 — Mirror" type="rss" xmlUrl="https://submirror.xyz/0x2Bc667d83186CA9F12c9BeFC1C7CBeb9a6DA0677" htmlUrl="https://mirror.xyz/0x2Bc667d83186CA9F12c9BeFC1C7CBeb9a6DA0677"/>
      <outline text="msfew — Mirror" title="msfew — Mirror" type="rss" xmlUrl="https://submirror.xyz/msfew.eth" htmlUrl="https://mirror.xyz/msfew.eth"/>
      <outline text="夜思晨 — Mirror" title="夜思晨 — Mirror" type="rss" xmlUrl="https://submirror.xyz/0x3D1163E402eC0c0F58297E1e88Bd992b729eE520" htmlUrl="https://mirror.xyz/0x3D1163E402eC0c0F58297E1e88Bd992b729eE520"/>
      <outline text="Kirio.eth — Mirror" title="Kirio.eth — Mirror" type="rss" xmlUrl="https://submirror.xyz/kirio.eth" htmlUrl="https://mirror.xyz/kirio.eth"/>
      <outline text="K~Erica — Mirror" title="K~Erica — Mirror" type="rss" xmlUrl="https://k.submirror.xyz/" htmlUrl="https://k.mirror.xyz/"/>
      <outline text="ChessMaster2077 — Mirror" title="ChessMaster2077 — Mirror" type="rss" xmlUrl="https://submirror.xyz/chessmaster2077.eth" htmlUrl="https://mirror.xyz/chessmaster2077.eth"/>
      <outline text="马蹄橘子 — Mirror" title="马蹄橘子 — Mirror" type="rss" xmlUrl="https://submirror.xyz/0x410a0887cC91cCf1e8Db56422b9a5D8B078c2200" htmlUrl="https://mirror.xyz/0x410a0887cC91cCf1e8Db56422b9a5D8B078c2200"/>
      <outline text="深潮TechFlow — Mirror" title="深潮TechFlow — Mirror" type="rss" xmlUrl="https://submirror.xyz/0x4e8F1cf9a9dDCAdeE3340daDA2CbA5508D340B4E" htmlUrl="https://mirror.xyz/0x4e8F1cf9a9dDCAdeE3340daDA2CbA5508D340B4E"/>
      <outline text="sorosdegen — Mirror" title="sorosdegen — Mirror" type="rss" xmlUrl="https://submirror.xyz/0xsoros.eth" htmlUrl="https://mirror.xyz/0xsoros.eth"/>
      <outline text="alicemeie — Mirror" title="alicemeie — Mirror" type="rss" xmlUrl="https://submirror.xyz/0x0Ec8947fe8685fE1e368e3f729843F41De4A18E6" htmlUrl="https://mirror.xyz/0x0Ec8947fe8685fE1e368e3f729843F41De4A18E6"/>
      <outline text="SmartDAO — Mirror" title="SmartDAO — Mirror" type="rss" xmlUrl="https://submirror.xyz/0xAE623c8B158C3dF75b4f0f3886cA36b49b72f3e9" htmlUrl="https://mirror.xyz/0xAE623c8B158C3dF75b4f0f3886cA36b49b72f3e9"/>
      <outline text="amey — Mirror" title="amey — Mirror" type="rss" xmlUrl="https://submirror.xyz/0x81910c6FD8bA1A67367aA9cA30101c61ce1a30e0" htmlUrl="https://mirror.xyz/0x81910c6FD8bA1A67367aA9cA30101c61ce1a30e0"/>
      <outline text="FlyPotato — Mirror" title="FlyPotato — Mirror" type="rss" xmlUrl="https://submirror.xyz/nbblockchain.eth" htmlUrl="https://mirror.xyz/nbblockchain.eth"/>
      <outline text="上官博玉 — Mirror" title="上官博玉 — Mirror" type="rss" xmlUrl="https://submirror.xyz/0xfAd631c21cD293eE714b56198182817ba768B158" htmlUrl="https://mirror.xyz/0xfAd631c21cD293eE714b56198182817ba768B158"/>
      <outline text="Shawn — Mirror" title="Shawn — Mirror" type="rss" xmlUrl="https://submirror.xyz/dao4ever.eth" htmlUrl="https://mirror.xyz/dao4ever.eth"/>
      <outline text="XuPeiPei — Mirror" title="XuPeiPei — Mirror" type="rss" xmlUrl="https://submirror.xyz/0x6ACb28b8FF66AbAB7959355697fAaF348099996b" htmlUrl="https://mirror.xyz/0x6ACb28b8FF66AbAB7959355697fAaF348099996b"/>
      <outline text="郭宇 — Mirror" title="郭宇 — Mirror" type="rss" xmlUrl="https://submirror.xyz/guoyu.eth" htmlUrl="https://mirror.xyz/guoyu.eth"/>
      <outline text="会飞的鱼 — Mirror" title="会飞的鱼 — Mirror" type="rss" xmlUrl="https://submirror.xyz/yufly.eth" htmlUrl="https://mirror.xyz/yufly.eth"/>
      <outline text="bluestarpin — Mirror" title="bluestarpin — Mirror" type="rss" xmlUrl="https://submirror.xyz/0x4631e0eCda7a39ba951f297c65C1A6E680dc94c4" htmlUrl="https://mirror.xyz/0x4631e0eCda7a39ba951f297c65C1A6E680dc94c4"/>
      <outline text="ZFlab — Mirror" title="ZFlab — Mirror" type="rss" xmlUrl="https://submirror.xyz/3344521.eth" htmlUrl="https://mirror.xyz/3344521.eth"/>
      <outline text="0xb2 — Mirror" title="0xb2 — Mirror" type="rss" xmlUrl="https://submirror.xyz/0x0531c084b7cEd699e7b8908320C752f3F6F49947" htmlUrl="https://mirror.xyz/0x0531c084b7cEd699e7b8908320C752f3F6F49947"/>
      <outline text="CryptoATai — Mirror" title="CryptoATai — Mirror" type="rss" xmlUrl="https://submirror.xyz/0x005c0d08AF6B0C4b486916A7bd1F64b6fBaBB8D1" htmlUrl="https://mirror.xyz/0x005c0d08AF6B0C4b486916A7bd1F64b6fBaBB8D1"/>
      <outline text="W3.Hitchhiker — Mirror" title="W3.Hitchhiker — Mirror" type="rss" xmlUrl="https://submirror.xyz/0xE43a21Ee76b591fe6E479da8a8a388FCfea6F77F" htmlUrl="https://mirror.xyz/0xE43a21Ee76b591fe6E479da8a8a388FCfea6F77F"/>
      <outline text="Foresight News — Mirror" title="Foresight News — Mirror" type="rss" xmlUrl="https://submirror.xyz/foresightnews.eth" htmlUrl="https://mirror.xyz/foresightnews.eth"/>
      <outline text="比特币橙子Trader — Mirror" title="比特币橙子Trader — Mirror" type="rss" xmlUrl="https://submirror.xyz/0x8c902B8839010BB1761201d42f788e7eD9FCFD77" htmlUrl="https://mirror.xyz/0x8c902B8839010BB1761201d42f788e7eD9FCFD77"/>
      <outline text="不确定思维 — Mirror" title="不确定思维 — Mirror" type="rss" xmlUrl="https://x.submirror.xyz/" htmlUrl="https://x.mirror.xyz/"/>
      <outline text="iamcatcher — Mirror" title="iamcatcher — Mirror" type="rss" xmlUrl="https://submirror.xyz/0x62695C036f5caEf0dbd9BC04e722545Bc7F59eB3" htmlUrl="https://mirror.xyz/0x62695C036f5caEf0dbd9BC04e722545Bc7F59eB3"/>
      <outline text="DaPangDunBTC — Mirror" title="DaPangDunBTC — Mirror" type="rss" xmlUrl="https://submirror.xyz/0x0F9C6A9d8f9729aB07b5b2B870Ce8122E76708b0/5Ej-S1I5VtQ8EWhRNWH7fFqSyhWWjOAZyGu8Bl9c8aQ" htmlUrl="https://mirror.xyz/0x0F9C6A9d8f9729aB07b5b2B870Ce8122E76708b0"/>
      <outline text="BTCdayu — Mirror" title="BTCdayu — Mirror" type="rss" xmlUrl="https://submirror.xyz/btcdayu.eth" htmlUrl="https://mirror.xyz/btcdayu.eth"/>
    </outline>
  </body>
</opml>
